CR0,1152
SE1,820
NW10,799
N1,768
E1,725
NW1,711
SE18,706
E17,686
E14,682
SW11,634
N16,634
SW16,595
W2,569
SE15,568
SW6,543
SE5,537
E6,518
E3,518
N7,514
SW2,509
N17,493
NW2,493
NW6,489
E2,478
SW9,468
SW18,463
E8,461
SW17,461
IG11,459
W12,459
EN3,449
W3,448
E9,440
SE16,436
CR4,425
SW19,424
SW15,414
SE6,408
E16,407
IG1,406
NW3,406
E15,402
E5,401
SE17,394
HA8,388
CR7,386
N15,376
SW4,375
NW9,375
SE13,372
UB3,366
HA3,359
N9,359
SW8,351
E11,340
E13,340
N19,335
W5,334
BR1,332
N4,328
TW13,324
N22,322
W6,315
SE9,313
SE8,312
W9,308
N8,307
UB8,304
E7,300
SE25,297
NW8,290
SW1V,289
HA9,287
E10,287
DA8,282
NW5,280
E4,280
N18,277
RM10,277
E12,276
EN1,274
W11,274
RM9,272
SM1,271
W10,271
W14,267
TW3,266
W4,264
UB1,264
SM6,262
SE23,258
SM5,255
SE28,255
HA2,253
HA1,252
HA0,251
RM8,251
NW11,242
SE14,242
UB5,240
SM2,234
SW3,234
SE27,233
SE2,230
UB6,230
BR5,228
UB7,227
KT3,225
TW7,223
CR2,220
EN5,218
BR3,216
UB4,214
NW4,214
SE10,214
SE26,213
SE19,209
SE11,206
RM3,205
W13,205
SE20,204
SW12,202
SE3,200
IG8,199
BR6,197
IG3,196
SW7,195
EN2,195
KT6,194
RM6,193
SE22,186
SE4,184
N13,184
HA7,182
BR2,181
HA5,181
SE7,180
TW14,180
RM13,179
UB2,178
KT2,175
KT1,174
N12,173
W7,171
SW10,171
HA4,169
N11,165
CR8,163
TW8,158
N10,158
RM7,156
N5,156
TW6,155
TW5,153
IG6,153
SE12,151
SE24,148
SW1P,147
DA16,145
SW5,144
TW9,143
SM4,143
N14,143
DA14,136
EC1V,135
UB10,135
TW4,135
TW10,133
N2,133
N3,132
W8,131
RM12,131
RM1,128
SW1W,126
N6,125
TW2,124
TW1,124
IG2,124
CR5,123
W1D,122
SW20,121
EN4,121
TW12,116
DA17,115
WC1H,113
RM11,113
NW7,112
SM3,112
DA7,110
KT5,109
W1T,109
WC1X,106
WC2H,106
E1W,104
W1F,99
RM14,98
E18,97
SW1X,95
SE21,95
N20,95
HA6,93
WC2B,92
DA15,91
SW13,91
WC1N,90
W1U,90
TW11,88
SW14,87
W1W,87
W1H,87
DA1,84
KT9,83
N21,82
KT4,82
W1J,76
IG5,74
DA18,74
BR7,74
RM5,71
W1G,70
BR4,69
W1S,68
EC1Y,65
IG7,64
DA6,64
W1K,64
EC1R,64
W1B,63
UB9,55
RM2,55
WC1E,55
EC2A,52
WC2E,52
SW1Y,51
DA5,50
WC2N,46
EC1M,42
TN16,41
EC2M,40
CR9,39
EC1A,38
SW1E,37
SW1A,37
IG4,33
W1C,33
WC1B,32
EC1N,29
SW1H,29
WC2R,28
EC4A,26
EC3N,26
EC2Y,25
EC4V,25
WC1A,24
EC2V,23
EC3V,20
WC1V,20
IG10,19
EC4M,19
EC3A,18
EC4Y,16
EC2R,15
N1C,14
EC3M,14
EC4R,14
CR3,13
SL3,12
EC3R,12
EC2N,12
EC4N,11
RM4,11
E20,11
SL0,10
CR6,10
IG9,10
BR8,10
WC1R,9
TN14,9
TW19,8
RM19,8
WC2A,8
SM7,7
CM14,7
UB11,7
KT7,6
W1A,5
EN8,5
RM15,5
SL1,5
TW15,5
RM18,4
RM16,4
CM13,4
KT10,3
EN7,3
RH1,2
KT19,2
WD3,2
RM20,2
SL4,2
RM17,2
SL6,2
CM15,2
SL2,2
SG5,1
RH8,1
W1X,1
WD23,1
DA2,1
DA4,1
RG40,1
TN8,1
EC3P,1
AL1,1
KT8,1
KT22,1
TW16,1
E98,1
KT12,1
AL8,1
HP12,1
WC14,1
DA11,1
EN10,1
TW18,1
KT17,1
GU4,1
KT18,1
CM18,1
CM3,1
EN6,1
TN23,1
KT21,1
